Unnamed: 0,OOB,UOB,VFC-SMOTE,ROSE,KUE,LB,ARF,ARFR,CALMID,LEPID
200,0,0.454124992,0,0,0,0,0,0.335267612,0,0.680826985
400,0,0.447427758,0,0.172672436,0,0,0,0.338336016,0,0.65231749
600,0,0.515816377,0,0.165737907,0,0.163799386,0,0.42743555,0,0.648118565
800,0,0.479284586,0,0,0,0,0,0.305189403,0,0.636523567
1000,0,0.529228009,0,0.167553829,0,0,0,0.391896488,0,0.598691051
1200,0,0.639509761,0.222232943,0.319537877,0,0,0,0.294222399,0,0.583909335
1400,0,0.522203988,0,0.272712139,0,0,0,0.358573796,0,0.570385491
1600,0,0.408013057,0.225332576,0.223477955,0,0,0,0.356865676,0,0.570281516
1800,0,0.570610114,0.260108231,0.180229599,0,0,0,0.341849188,0,0.557737448
2000,0,0.363414216,0,0.224097867,0,0,0,0.427927704,0,0.54649871
2200,0,0.509152119,0,0.386549714,0,0,0,0.383432326,0,0.557814466
2400,0,0.47208947,0,0.214671339,0,0,0,0.3524087,0,0.553402257
2600,0.306575322,0.590637582,0,0.184966366,0,0,0,0.304688686,0,0.54984215
2800,0.40670322,0.631460504,0,0.199243073,0,0.19979576,0.19979576,0.319203737,0,0.548552512
3000,0.447427758,0.508159292,0,0.302616933,0,0,0,0.369669599,0,0.544351584
3200,0.51322788,0.566601901,0,0.33805156,0,0,0,0.361196425,0,0.53949579
3400,0.469855178,0.569384508,0,0.440543011,0.198133076,0,0,0.323322665,0,0.536064508
3600,0.320491437,0.53912978,0,0.383223504,0.156915276,0,0,0.401420396,0,0.535131278
3800,0.493904764,0.475164445,0,0.469971236,0.211921768,0,0,0.345356916,0,0.533696958
4000,0.410589008,0.564893058,0,0.325525217,0.189537083,0,0,0.252627856,0,0.52812419
4200,0.304938916,0.513288681,0,0.469942431,0.351063611,0,0,0.240692417,0,0.525322407
4400,0.390275996,0.535315752,0,0.190645206,0.190645206,0,0,0,0.190645206,0.521864329
4600,0.56817176,0.609506544,0,0.336706119,0.235381556,0,0,0.241426574,0,0.521080148
4800,0.477572691,0.544803461,0,0.373916453,0.212844315,0,0,0.303591119,0,0.519507526
5000,0.54956166,0.520360235,0.217682305,0.431761529,0.211617537,0,0,0.417038033,0,0.51318837
5200,0.390096025,0.561584352,0.19979576,0.558828576,0,0,0,0.374520451,0,0.512971909
5400,0.499727672,0.561003902,0,0.38464937,0,0,0,0.236861183,0.241155088,0.510523131
5600,0.474568803,0.573618619,0,0.390676781,0,0,0,0.331714319,0,0.511992055
5800,0.445164496,0.519146553,0.16951359,0.473913796,0,0,0,0.331141748,0.16902578,0.511562372
6000,0.264481124,0.579118281,0.165737907,0.403606092,0,0,0,0.278596568,0.166698715,0.509161091
6200,0.361916574,0.502901418,0.204458501,0.533380291,0,0,0,0,0,0.505586634
6400,0.488195313,0.628017059,0,0.362585818,0,0,0,0.259368234,0,0.501205311
6600,0.529666356,0.619028853,0.204458501,0.402043958,0,0,0,0.28753712,0,0.499222126
6800,0.381449174,0.552318347,0.187407385,0.36942147,0,0,0,0,0,0.495895543
7000,0.457183107,0.533162541,0,0.284288009,0,0,0,0.201021979,0,0.491646312
7200,0.386279636,0.574314336,0,0.36201007,0,0,0,0,0,0.493054834
7400,0.391351436,0.515816377,0.166219005,0.367355023,0,0,0,0.279455111,0,0.492910721
7600,0.402615647,0.543422064,0.198688849,0.522736267,0,0,0,0.330407258,0.200346921,0.491725804
7800,0.58517937,0.529314656,0,0.505512932,0,0,0,0.235412477,0.172020427,0.489775978
8000,0.417349168,0.570207517,0,0.496627973,0,0,0,0,0.290749926,0.487303574
8200,0.327982046,0.563826214,0,0.494414637,0.190065778,0,0,0,0,0.486322661
8400,0.337694888,0.54575842,0,0.435364608,0,0,0,0,0,0.484521172
8600,0.475429826,0.487210054,0.185485207,0.490747729,0.184966366,0,0,0.259368234,0,0.483260117
8800,0.347867679,0.531376657,0.193923015,0.60980288,0.194463944,0,0,0.191744035,0,0.483072967
9000,0.54991821,0.588385857,0,0.45380598,0.245373865,0,0,0.403953298,0,0.480565589
9200,0.511084242,0.573298517,0,0.479655952,0,0,0,0.359391167,0,0.485791855
9400,0.533037723,0.564800511,0,0.402938644,0,0,0,0.304030005,0,0.491303248
9600,0.348955102,0.493497037,0,0.476763433,0,0,0,0.176579766,0,0.507366772
9800,0.479205423,0.50202473,0,0.61230623,0,0,0,0.217083452,0,0.517187396
10000,0.417298537,0.530098346,0,0.482452804,0,0,0,0.181292909,0,0.526883084
10200,0.44795358,0.522796367,0.375860279,0.501785851,0.089847792,0.110040623,0.400373927,0.430894872,0.15562094,0.536069457
10400,0.547348302,0.439043919,0,0,0.125667616,0.265708662,0,0,0.42561431,0.542131153
10600,0.604796402,0.609577476,0,0.578295971,0.144573993,0.338027062,0,0,0.477069836,0.549306171
10800,0.592803485,0.545922385,0,0.580660543,0.126710518,0.438938112,0,0,0.399439712,0.559395548
11000,0.62386079,0.546525503,0.249942268,0.576088463,0.110660574,0.52211237,0.249942268,0.177237252,0.406265411,0.56650534
11200,0.613497317,0.648866577,0,0.615299075,0.700021888,0.530261465,0,0,0.296658485,0.572773315
11400,0.627627456,0.716276387,0,0.724279723,0.69999525,0.499800492,0,0,0.406512803,0.581379516
11600,0.495735131,0.528169696,0,0.476763433,0.548392348,0.500734266,0,0,0.24823946,0.590097595
11800,0.622136297,0.713761255,0.19979576,0.653430882,0.747714772,0.572282158,0,0,0.390660972,0.59876385
12000,0.578864219,0.512292147,0.310376116,0.531743689,0.61991281,0.473191198,0.309536125,0,0.375999569,0.605232885
12200,0.633552593,0.547574196,0,0.560613503,0.641735927,0.448437101,0,0,0,0.611853379
12400,0.636052546,0.530323646,0,0.578295971,0.568576019,0.403197602,0,0,0.284288009,0.617939934
12600,0.565359476,0.574608328,0,0.594542835,0.628569683,0.439443511,0,0,0.313400776,0.623468211
12800,0.618465844,0.643200041,0.235747583,0.575915203,0.615334351,0.458715141,0.235747583,0,0.520052445,0.629718982
13000,0.591891289,0.569270608,0,0.55410418,0.596371984,0.42295936,0,0,0.346371159,0.635566175
13200,0.71622273,0.716782937,0,0.563826214,0.695177835,0.416654166,0,0,0.419055652,0.640905645
13400,0.585560719,0.626557505,0.354474504,0.608742497,0.62994738,0.516473288,0.306983925,0,0.244921395,0.645980751
13600,0.531198768,0.436391062,0.289950062,0.406638895,0.446908017,0.349179366,0.289950062,0,0.203889769,0.651421531
13800,0.677634776,0.672581056,0.189537083,0.621559977,0.697195772,0.589237973,0.189537083,0,0.325525217,0.65599853
14000,0.593201578,0.637631106,0.235747583,0.654195711,0.691949208,0.401722689,0,0,0.230004561,0.660862126
14200,0.611058268,0.659510402,0.163582577,0.624330084,0.692125093,0.508243962,0.163582577,0,0.364723056,0.665951594
14400,0.61638992,0.602015131,0.215900216,0.643856693,0.645461123,0.538919514,0.263639206,0,0.456636499,0.669655414
14600,0.479849313,0.526595416,0,0.440141413,0.561688639,0.440141413,0,0,0.251928212,0.673848689
14800,0.590938519,0.573912014,0.219469057,0.595713857,0.664404495,0.536003731,0.310376116,0,0.406950038,0.677964027
15000,0.482037029,0.525012635,0.193923015,0.546962854,0.545424277,0.193380571,0,0,0,0.682305189
15200,0.656797369,0.585991458,0,0.62830931,0.660814516,0.283333333,0.200346921,0.200346921,0.282553873,0.686133234
15400,0.586555725,0.628835606,0,0.580888388,0.645962855,0.528609893,0.283333333,0.200346921,0.280988465,0.690457018
15600,0.649974932,0.687622876,0,0.610007872,0.731505134,0.55645562,0.262315695,0.185485207,0.184966366,0.694545334
15800,0.597800628,0.607012275,0,0.632091109,0.696814951,0.551949832,0,0.227172056,0.321269802,0.697549413
16000,0.643829687,0.66695827,0,0.615250626,0.64865245,0.534415568,0.219469057,0.219469057,0.268001866,0.701404321
16200,0.488408434,0.483865002,0,0.554530653,0.513395625,0.423843535,0.299702638,0.2125,0.298882657,0.704914378
16400,0.683890493,0.677793278,0.181220609,0.647870618,0.668474205,0.543661827,0.256284643,0.362441218,0.360399279,0.708889079
16600,0.547666824,0.601407588,0.282553873,0.592727213,0.624789341,0.447989335,0.200346921,0,0.345099125,0.712427299
16800,0.523138837,0.58517937,0.17251688,0.543976355,0.53923917,0.457746482,0.300520382,0.173505523,0.385759471,0.714915933
17000,0.491334865,0.522796367,0,0.579965003,0.54862885,0.411267223,0,0.185485207,0.260108231,0.718347722
17200,0.519358579,0.568434742,0,0.562222154,0.490133911,0.464269139,0,0.190065778,0.379074164,0.721071261
17400,0.63418583,0.700498335,0,0.596011046,0.597692321,0.537587202,0,0.190065778,0.379074164,0.7242671
17600,0.582997215,0.649625468,0,0.550439707,0.596173957,0.45312111,0,0.321269802,0.391352376,0.727200491
17800,0.699117772,0.661285083,0.176233067,0.670744865,0.664764851,0.558887901,0.306115511,0.306983925,0.530207618,0.730349596
18000,0.569270608,0.589186517,0.176735873,0.524147903,0.524147903,0.431681089,0.306983925,0.177237252,0.431681089,0.732940561
18200,0.547666824,0.624965811,0.200346921,0.6230219,0.658976364,0.490747729,0.200346921,0.200346921,0.4467569,0.73531834
18400,0.587532505,0.630376872,0.267296132,0.671834656,0.699207885,0.501467984,0,0.268045912,0.378013815,0.737971026
18600,0.666714479,0.62833808,0.204458501,0.7003512,0.674334321,0.615076964,0.291547595,0.291547595,0.411182488,0.740439047
18800,0.524156883,0.513186765,0,0.534902064,0.537932695,0.411182488,0.206155281,0.206155281,0.206155281,0.743406007
19000,0.5525,0.636081755,0.190065778,0.525505048,0.590938519,0.462970482,0,0.328287857,0.501467984,0.745762841
19200,0.474605099,0.572057689,0,0.55457942,0.536003731,0.465564174,0.310376116,0.310376116,0.377888872,0.747985139
19400,0.61186644,0.69999525,0.347011047,0.680978905,0.688462415,0.594612335,0.423868174,0.425,0.645735808,0.749869334
19600,0.614108395,0.743277257,0,0.684422433,0.621249431,0.566666667,0.283333333,0.283333333,0.565107746,0.751773858
19800,0.604786596,0.698026233,0.262315695,0.688181692,0.665029747,0.615184834,0.490747729,0.490747729,0.55645562,0.753447839
20000,0.603065937,0.620901865,0,0.611669309,0.609958343,0.545435606,0.460977223,0.291547595,0.500819001,0.755437629
20200,0.634123436,0.624946058,0.193923015,0.671769028,0.675511502,0.585010122,0.337755751,0.390006748,0.551552832,0.757409108
20400,0.587532505,0.620752232,0.268793601,0.645477859,0.621559977,0.565425725,0.268793601,0.329203585,0.379074164,0.759014327
20600,0.570280229,0.619374362,0.275776416,0.721528498,0.641370797,0.548497114,0.336821432,0.336821432,0.5116369,0.760875509
20800,0.428752696,0.456058374,0,0.545424277,0.551552832,0.4360408,0.336821432,0.337755751,0.390006748,0.762739502
21000,0.645970485,0.729795239,0,0.62985069,0.686223845,0.48799842,0.321269802,0.369932732,0.523163886,0.764323618
21200,0.493814195,0.596093842,0.289950062,0.608242564,0.615076964,0.503593643,0.206155281,0.291547595,0.412310563,0.766062864
21400,0.699117772,0.705938595,0.353471745,0.745911232,0.702915289,0.680594803,0.467599167,0.353471745,0.55729789,0.76767058
21600,0.475686318,0.606883339,0,0.549275247,0.486686299,0.345099125,0.282553873,0.283333333,0.346056406,0.769045576
21800,0.514270935,0.563150838,0.184966366,0.48799842,0.453073216,0.321269802,0.185485207,0.185485207,0.370970413,0.770127453
22000,0.525505048,0.5525,0.268793601,0.527030465,0.568611247,0.465564174,0.190065778,0.329203585,0.425,0.77138563
22200,0.566550105,0.67828455,0,0.701546743,0.62038506,0.575915203,0.33339743,0.33339743,0.524321073,0.772397603
22400,0.582594378,0.652755501,0.200346921,0.592727213,0.626551798,0.488043864,0.400693843,0.347011047,0.400693843,0.773772526
22600,0.481458289,0.594325014,0.190065778,0.555759616,0.495833333,0.462970482,0.379074164,0.268793601,0.379074164,0.775072856
22800,0.599870935,0.610975995,0.190065778,0.641735927,0.592634186,0.563826214,0.268045912,0.380131556,0.462970482,0.776736077
23000,0.495214239,0.627587217,0.240416305,0.558972526,0.536049038,0.416413257,0.294448638,0.34,0.449777723,0.778075599
23200,0.455486626,0.449998635,0.250651325,0.549278798,0.55729789,0.394069117,0.306983925,0.250651325,0.391810823,0.77913186
23400,0.716276387,0.697933405,0,0.728248409,0.649198224,0.64746933,0.425,0,0.490747729,0.780252695
23600,0.53286463,0.57692034,0.313883302,0.595954291,0.509681548,0.402938644,0.405221601,0.313883302,0.443898023,0.781398198
23800,0.566939825,0.624631038,0.412310563,0.644756064,0.650136597,0.542446895,0.460977223,0.412310563,0.503593643,0.782683807
24000,0.617095572,0.654810517,0.312114931,0.697910203,0.601040764,0.478115956,0.313883302,0.313883302,0.443898023,0.783740557
24200,0.476842697,0.59242469,0.321269802,0.574972384,0.554899098,0.369932732,0.414757531,0.320371144,0.413597368,0.785152849
24400,0.545466698,0.5580078,0.413597368,0.579965003,0.55645562,0.489375005,0.320371144,0.414757531,0.490747729,0.786611593
24600,0.585822072,0.689670816,0,0.619781548,0.537587202,0.379074164,0.268793601,0.190065778,0.465564174,0.787876408
24800,0.426295641,0.619035072,0.337755751,0.604612974,0.585010122,0.390006748,0.275776416,0.275776416,0.337755751,0.788726515
25000,0.506174511,0.630532578,0.300520382,0.632281632,0.475164445,0.473871478,0.2125,0.2125,0.367059269,0.789684462
25200,0.637336769,0.6534581,0.393473543,0.640810019,0.642539604,0.55645562,0.226560555,0.321269802,0.454344111,0.790822445
25400,0.613375503,0.714305425,0.460977223,0.683739717,0.618465844,0.58309519,0.412310563,0.504975247,0.545435606,0.791939995
25600,0.626551798,0.687797555,0.199243073,0.657133069,0.631809667,0.565107746,0.283333333,0.347011047,0.527147622,0.792855697
25800,0.62833808,0.633308167,0.357071421,0.637511384,0.579900123,0.457183107,0.291547595,0.290749926,0.35609448,0.793698142
26000,0.635137544,0.683466864,0.283333333,0.685951795,0.633552593,0.517293526,0.327165152,0.400693843,0.542542028,0.794541886
26200,0.644014017,0.726643524,0.219469057,0.614004725,0.617387696,0.437750186,0.310376116,0.380131556,0.437750186,0.795437981
26400,0.635943019,0.621237146,0.275776416,0.699199372,0.613238416,0.551552832,0.275776416,0.4360408,0.585010122,0.796433335
26600,0.695140962,0.721133218,0.423843535,0.697079993,0.668321938,0.594471815,0.473871478,0.368060797,0.517679946,0.797068653
26800,0.618886856,0.644873514,0.361421691,0.644157862,0.67806543,0.59935007,0.511127456,0.479464664,0.539060939,0.797779024
27000,0.556739744,0.597036861,0.181220609,0.534420442,0.511127456,0.479464664,0.443898023,0.405221601,0.511127456,0.798474537
27200,0.576873284,0.679387992,0.275776416,0.639566656,0.583391833,0.514503235,0.390006748,0.434834599,0.550027095,0.799172431
27400,0.431761529,0.586238583,0,0.531743689,0.490747729,0.437750186,0.309536125,0.310376116,0.437750186,0.799793181
27600,0.555080307,0.56805775,0.313000365,0.502389591,0.542132536,0.479464664,0.313000365,0.362441218,0.476763433,0.800577491
27800,0.597750546,0.64863211,0.281690808,0.629879794,0.517293526,0.490747729,0.283333333,0.283333333,0.462681396,0.801321637
28000,0.583827763,0.652233087,0.17,0.692871045,0.612943717,0.537587202,0.416413257,0.34,0.449777723,0.801977032
28200,0.573298517,0.607481948,0.320371144,0.611738394,0.640742287,0.490747729,0.414757531,0.321269802,0.454344111,0.802909124
28400,0.582386136,0.666285308,0,0.675706935,0.685291909,0.570197334,0.502866781,0.502866781,0.570197334,0.803656514
28600,0.588966979,0.688454486,0.173011908,0.71334637,0.601040764,0.520516571,0.245373865,0.387970145,0.456436761,0.804307315
28800,0.598154863,0.676147278,0,0.678636252,0.612231022,0.560473402,0.396314543,0.43414083,0.55729789,0.804873529
29000,0.635943019,0.619374362,0.275776416,0.666115892,0.644963938,0.550027095,0.390006748,0.515930432,0.514503235,0.805652876
29200,0.703471772,0.697518449,0,0.626103643,0.626103643,0.512569286,0.512569286,0.362441218,0.511211484,0.806242196
29400,0.554132205,0.598028009,0.190065778,0.594325014,0.570197334,0.462970482,0.329203585,0.329203585,0.327369567,0.806702557
29600,0.482452804,0.5580078,0,0.518736468,0.523163886,0.369932732,0.261581944,0.369932732,0.414757531,0.807027584
29800,0.53923917,0.646690384,0.245373865,0.51755064,0.520516571,0.489351573,0.387970145,0.425,0.459052466,0.807487604
30000,0.467352991,0.582798021,0,0.560692295,0.425,0.425,0.300520382,0.2125,0.299702638,0.808252092
30200,0.477658764,0.646915423,0,0.585010122,0.551552832,0.390006748,0.195003374,0.195003374,0.195003374,0.808947096
30400,0.504137736,0.612,0,0.607667202,0.537587202,0.4152218,0.294448638,0.294448638,0.377953134,0.809798162
30600,0.577780357,0.64222386,0,0.582826569,0.531711756,0.43414083,0.177237252,0.177237252,0.306983925,0.810293454
30800,0.437224714,0.624880625,0,0.58882676,0.527147622,0.288730644,0.235747583,0.288730644,0.288730644,0.810748121
31000,0.591050471,0.691953469,0.200346921,0.65528459,0.630061919,0.566666667,0.565107746,0.490747729,0.565107746,0.811167543
31200,0.591159969,0.579419452,0.299702638,0.662790902,0.562222154,0.560692295,0.425,0.425,0.520516571,0.811835967
31400,0.748162662,0.731717518,0.380131556,0.707408168,0.760263112,0.709287077,0.465564174,0.465564174,0.656672233,0.812445008
31600,0.545424277,0.650800836,0.336821432,0.60980288,0.644963938,0.514503235,0.434834599,0.336821432,0.551552832,0.813181887
31800,0.537932695,0.553676239,0.411182488,0.576687355,0.503593643,0.411182488,0.412310563,0.357071421,0.410051309,0.81383286
32000,0.490133911,0.539264545,0.329203585,0.525505048,0.501467984,0.500065273,0.425,0.425,0.501467984,0.814518434
32200,0.61772169,0.697518449,0.256284643,0.624436254,0.571551814,0.512569286,0.362441218,0.443898023,0.509850066,0.814958175
32400,0.645477859,0.671834656,0.268045912,0.679557147,0.630376872,0.537587202,0.465564174,0.380131556,0.465564174,0.815338108
32600,0.709970181,0.737314337,0.380131556,0.709970181,0.758205563,0.656625279,0.438938112,0.580660543,0.656625279,0.815747025
32800,0.627019834,0.681413273,0.300520382,0.630532578,0.597765314,0.597765314,0.366055001,0.560692295,0.557619985,0.816190325
33000,0.698026233,0.757832209,0,0.716371655,0.694022094,0.642539604,0.414757531,0.52463139,0.586555725,0.81653405
33200,0.668474205,0.725899815,0.255563729,0.742982147,0.676158069,0.626000731,0.362441218,0.405221601,0.543661827,0.817097123
33400,0.528169696,0.625263479,0.312114931,0.564963819,0.511127456,0.442649362,0.361421691,0.361421691,0.479464664,0.817398062
33600,0.548497114,0.599378131,0,0.613238416,0.551552832,0.4360408,0.477658764,0.275776416,0.337755751,0.817931123
33800,0.509075248,0.655343577,0.368060797,0.55915825,0.562222154,0.473871478,0.425,0.475164445,0.475164445,0.818458773
34000,0.45244705,0.628463735,0.329203585,0.599368881,0.464269139,0.465564174,0.329203585,0.465564174,0.465564174,0.819051981
34200,0.658502889,0.677374986,0.275013548,0.723563843,0.644963938,0.644963938,0.477658764,0.515930432,0.551552832,0.819384554
34400,0.621372674,0.650839019,0,0.658407169,0.612943717,0.5872123,0.380131556,0.416413257,0.51,0.819672975
34600,0.594542835,0.625028418,0.226560555,0.506604803,0.507972159,0.507972159,0.321269802,0.454344111,0.45312111,0.819996009
34800,0.660936938,0.683391255,0.368060797,0.662790902,0.671984003,0.6375,0.368060797,0.562222154,0.601040764,0.820097529
35000,0.589497069,0.695140962,0.2125,0.562222154,0.6375,0.599405276,0.2125,0.475164445,0.520516571,0.82029289
35200,0.465801889,0.611690252,0.180710845,0.568220121,0.478115956,0.443898023,0.256284643,0.362441218,0.479464664,0.820758225
35400,0.505855506,0.658502889,0,0.613238416,0.515930432,0.515930432,0.390006748,0.4360408,0.477658764,0.821030833
35600,0.527318561,0.515332483,0.219469057,0.531743689,0.534673429,0.534673429,0.437750186,0.489419587,0.536132295,0.821356626
35800,0.567417716,0.630604842,0.330510818,0.643763439,0.551286073,0.549690453,0.441043344,0.471495167,0.471495167,0.821396049
36000,0.467186147,0.615299075,0.254115764,0.539060939,0.443898023,0.443898023,0.361421691,0.443898023,0.442649362,0.821828538
36200,0.640507092,0.716276387,0.346086915,0.59944012,0.601040764,0.54867264,0.347011047,0.425,0.425,0.82213815
36400,0.427525934,0.630468516,0.195003374,0.548497114,0.388927889,0.388927889,0.194463944,0.275776416,0.387846029,0.822495609
36600,0.633502028,0.702144418,0.262315695,0.640742287,0.615184834,0.613464035,0.489375005,0.490747729,0.554899098,0.822773765
36800,0.413289757,0.618150648,0,0.594471815,0.473871478,0.366055001,0.300520382,0,0.300520382,0.822733949
37000,0.682674919,0.751826006,0,0.743643332,0.723951245,0.694022094,0.537587202,0.656625279,0.653046913,0.823060092
37200,0.550439707,0.737063287,0,0.681516167,0.601040764,0.393473543,0,0.227172056,0.454344111,0.823086578
37400,0.648348048,0.676225865,0.205591244,0.611669309,0.58309519,0.545435606,0.412310563,0.504975247,0.504975247,0.823241347
37600,0.670535224,0.720617525,0.205591244,0.644756064,0.679993169,0.648348048,0.504975247,0.545435606,0.543943303,0.823132956
37800,0.468566316,0.57867657,0,0.560043866,0.508231527,0.440141413,0.362441218,0.405221601,0.441397169,0.823070254
38000,0.545884266,0.626801551,0,0.594542835,0.454344111,0.507972159,0.321269802,0.454344111,0.454344111,0.823500893
38200,0.569103954,0.651285881,0.235747583,0.575799525,0.500096144,0.527147622,0.408326792,0.471495167,0.471495167,0.823783001
38400,0.305301505,0.522855982,0.219469057,0.379102781,0.309536125,0.218875093,0,0,0.218279513,0.823779359
38600,0.540017725,0.737097235,0.288730644,0.599311146,0.525630647,0.407151748,0.288730644,0.33339743,0.371676995,0.824070945
38800,0.501180891,0.700338694,0.16902578,0.583827763,0.51,0.416413257,0.17,0.294448638,0.448490802,0.824293271
39000,0.564974162,0.666348992,0.235747583,0.62038506,0.577461287,0.33339743,0.33339743,0.33339743,0.471495167,0.824337731
39200,0.619781548,0.713274433,0.329203585,0.623333333,0.570197334,0.568611247,0.465564174,0.465564174,0.501467984,0.824575931
39400,0.514270935,0.609377373,0.185485207,0.584915007,0.490747729,0.370970413,0.370970413,0.262315695,0.370970413,0.824867738
39600,0.613016268,0.69476107,0.245373865,0.725589983,0.69006752,0.622018456,0.457746482,0.573815583,0.597616003,0.825104481
39800,0.721528498,0.738365709,0.337755751,0.693315401,0.729635814,0.646753024,0.551552832,0.515930432,0.551552832,0.825232808
40000,0.507307032,0.623094362,0.275776416,0.551552832,0.616654813,0.477658764,0.337755751,0.390006748,0.4360408,0.825238455
40200,0.576687355,0.604796402,0.206155281,0.581499851,0.58309519,0.545435606,0.412310563,0.504975247,0.545435606,0.825094475
40400,0.651587995,0.663346081,0.298882657,0.662790902,0.6375,0.6375,0.562222154,0.601040764,0.599405276,0.825109534
40600,0.511408312,0.712893248,0.331609763,0.572810517,0.407233546,0.407233546,0.235747583,0.33339743,0.408326792,0.825356256
40800,0.608077833,0.652734869,0.275013548,0.606347878,0.614948987,0.550027095,0.4360408,0.477658764,0.551552832,0.825425646
41000,0.47235128,0.621237146,0.275776416,0.548497114,0.515930432,0.477658764,0.434834599,0.337755751,0.477658764,0.825665837
41200,0.444607692,0.576999134,0,0.563826214,0.480832611,0.416413257,0.294448638,0.294448638,0.380131556,0.825963237
41400,0.550203111,0.691802993,0,0.661261844,0.586555725,0.52463139,0.321269802,0.454344111,0.490747729,0.826038729
41600,0.658502889,0.716708029,0,0.697243566,0.646753024,0.673642864,0.551552832,0.585010122,0.614948987,0.826190421
41800,0.608272426,0.622483761,0,0.551772881,0.554899098,0.453073216,0.262315695,0.414757531,0.414757531,0.826324575
42000,0.702338016,0.774067392,0.205591244,0.706294881,0.714142843,0.618465844,0.545435606,0.543943303,0.581499851,0.826513052
42200,0.439175569,0.619407155,0,0.570029703,0.512569286,0.443898023,0.362441218,0.443898023,0.443898023,0.826568356
42400,0.634123436,0.738365709,0.195003374,0.66988995,0.477658764,0.515930432,0.4360408,0.4360408,0.585010122,0.826552799
42600,0.560404964,0.6515719,0,0.565107746,0.601040764,0.566666667,0.447989335,0.530068129,0.566666667,0.826775642
42800,0.637757411,0.758160029,0,0.725593479,0.646753024,0.616654813,0.4360408,0.515930432,0.616654813,0.826683036
43000,0.575933242,0.705924734,0.309536125,0.717992697,0.694022094,0.537587202,0.438938112,0.490747729,0.489419587,0.826849808
43200,0.644157862,0.787348896,0.255563729,0.71256059,0.573069883,0.573069883,0.512569286,0.543661827,0.543661827,0.827037833
43400,0.632381599,0.736702268,0.244675787,0.684092797,0.625583061,0.623803305,0.423790894,0.54867264,0.601040764,0.827192741
43600,0.572760032,0.833763853,0.218875093,0.658407169,0.620752232,0.620752232,0.537587202,0.580660543,0.61907225,0.827163477
43800,0.696358313,0.689998744,0.163582577,0.62803534,0.654330305,0.566666667,0.462681396,0.517293526,0.566666667,0.826882425
44000,0.665029747,0.710309162,0.185485207,0.694022094,0.668776423,0.668776423,0.586555725,0.642539604,0.668776423,0.82696582
44200,0.568121675,0.650551138,0.235116397,0.661424612,0.471495167,0.407233546,0.408326792,0.408326792,0.408326792,0.826705458
44400,0.715995496,0.767421094,0.438938112,0.756142414,0.727896513,0.658407169,0.438938112,0.580660543,0.580660543,0.826619094
44600,0.628770228,0.73373409,0,0.654634031,0.537587202,0.480832611,0.416413257,0.449777723,0.449777723,0.826450754
44800,0.472517876,0.633480183,0.239728418,0.529851731,0.478077101,0.448490802,0.4152218,0.380131556,0.41282857,0.826620943
45000,0.609958343,0.747820148,0,0.710229702,0.651920241,0.618465844,0.545435606,0.545435606,0.618465844,0.826566397
45200,0.592441741,0.674017242,0.173505523,0.622018456,0.54867264,0.490747729,0.347011047,0.425,0.520516571,0.826657066
45400,0.529739298,0.654810517,0.181220609,0.597654592,0.573069883,0.479464664,0.405221601,0.442649362,0.512569286,0.826866357
45600,0.52566938,0.67272639,0.306983925,0.581149366,0.560473402,0.43414083,0.354474504,0.354474504,0.396314543,0.826845582
45800,0.502480407,0.619678574,0.225947399,0.550439707,0.507972159,0.506604803,0.321269802,0.507972159,0.507972159,0.826667636
46000,0.537650833,0.654577143,0.245373865,0.638036391,0.573815583,0.54867264,0.459052466,0.457746482,0.545546276,0.826604952
46200,0.604796402,0.722709307,0.357071421,0.678112134,0.618465844,0.545435606,0.504975247,0.545435606,0.545435606,0.826739795
46400,0.610241841,0.760693004,0.235116397,0.659624814,0.743503331,0.575915203,0.471495167,0.470232794,0.574364958,0.826657608
46600,0.568875902,0.667898955,0.244675787,0.645499058,0.625583061,0.57545272,0.490747729,0.490747729,0.57545272,0.826600892
46800,0.506777357,0.595954291,0.180710845,0.443898023,0.479464664,0.479464664,0.405221601,0.362441218,0.479464664,0.826225027
47000,0.571935619,0.718903158,0.195003374,0.693315401,0.614948987,0.583391833,0.434834599,0.434834599,0.476337437,0.82642684
47200,0.659369817,0.764649428,0.370970413,0.712335726,0.668776423,0.55645562,0.55645562,0.615184834,0.613464035,0.826462994
47400,0.562212975,0.749323504,0.380131556,0.678054359,0.612943717,0.480832611,0.480832611,0.480832611,0.537587202,0.826466886
47600,0.592634186,0.721666186,0.268793601,0.590938519,0.630376872,0.537587202,0.425,0.425,0.502866781,0.826363268
47800,0.46514151,0.631479521,0.157841037,0.609525616,0.569103954,0.446441871,0.446441871,0.417608131,0.417608131,0.82617695
48000,0.637336769,0.70276227,0.393473543,0.675997727,0.681516167,0.642539604,0.601040764,0.601040764,0.640810019,0.826195691
48200,0.563826214,0.715040059,0.17,0.628770228,0.658407169,0.51,0.380131556,0.480832611,0.51,0.82614823
48400,0.533088485,0.647340714,0.268793601,0.500065273,0.630376872,0.502866781,0.329203585,0.425,0.465564174,0.826124587
48600,0.5116369,0.723563843,0,0.585010122,0.675511502,0.477658764,0.337755751,0.390006748,0.4360408,0.82616029
48800,0.677879837,0.73905982,0.417608131,0.697581742,0.721200434,0.650795269,0.523499498,0.588857689,0.588857689,0.826067463
49000,0.611523061,0.76478164,0.335884513,0.671769028,0.675511502,0.477658764,0.275776416,0.434834599,0.4360408,0.826107463
49200,0.675706935,0.721248916,0.425,0.747484671,0.685291909,0.601040764,0.502866781,0.502866781,0.570197334,0.826137463
49400,0.563133127,0.663331749,0.378071208,0.571166816,0.61907225,0.490747729,0.438938112,0.436559027,0.490747729,0.826157463
49600,0.678636252,0.763779902,0.353471745,0.684495092,0.730767911,0.587829464,0.43414083,0.531711756,0.558887901,0.826177463
49800,0.517679946,0.711712952,0.2125,0.662790902,0.475164445,0.425,0.368060797,0.368060797,0.423843535,0.826187463
50000,0.74981966,0.76707211,0.456370145,0.736121593,0.7153816,0.694422094,0.577347729,0.701640764,0.763698224,0.826197463
